Shannon,SampleName
5.68045839747364,HNL 12-2
2.79296630790699,HNL 12-4
5.69792681301333,HNL 12-6
5.60544080611181,HNL 12-22
4.20127036408818,HNL 12-25
5.96075704183595,HNL 12-26
2.82935397698715,HNL 12-29
3.21719814628996,HNL 12-57
5.73592137628086,HNL 12-30
4.77578979536845,HNL 12-32
5.80476018240665,HNL 12-33
5.7151396497537,HNL 12-36
5.49484636182827,HNL 12-37
5.86567400991142,HNL 12-39
6.10477902411971,HNL 12-40
4.979452991955,HNL 12-46
5.586213220986,HNL 12-51
5.48555322112592,HNL 12-55
